{
    "acc": [
        0.9587837837837838,
        0.9385135135135136,
        0.9135135135135135,
        0.7891891891891892,
        0.802027027027027,
        0.6351351351351351,
        0.7344594594594593
    ],
    "auc": [
        0.7634572874817425,
        0.7579330603856169,
        0.8254964969986304,
        0.7468905605181128,
        0.729197696263401,
        0.6936536516958034,
        0.8029214584706287
    ],
    "aupr": [
        0.2970819108357315,
        0.15355720767550926,
        0.23723817221442972,
        0.28045925151017376,
        0.6622589946427672,
        0.45707881560863173,
        0.7318888809520547
    ],
    "f1": [
        0.3419404125286478,
        0.25967254967254966,
        0.32819517439082657,
        0.3832989248030489,
        0.6076074410189063,
        0.5400234568142579,
        0.723776593494224
    ],
    "recall": [
        0.33666666666666667,
        0.35357142857142854,
        0.454484126984127,
        0.570952380952381,
        0.5305308910162583,
        0.7529368012247775,
        0.8412149350906966
    ],
    "precision": [
        0.527016317016317,
        0.3061740890688259,
        0.3380427170868347,
        0.3271714729583274,
        0.758364832088543,
        0.42711636535098807,
        0.6459880404148933
    ]
}